﻿Equity: My Trade Folder,,,,,,,,,
Name: Shailendra Rajavaram,Customer ID: 74356,Login ID: RAJAVARAM,Year: 2024-2025,,,,,,
,,,,,,,,,
,,,,,,,,,
SKScripCode,Stock Name,Current Qty,Investment Price,Current Market Price,Holding Value,Market Value,Realized Gain/Loss,UnRealized Gain/Loss,Percent UnRealized Gain/Loss
 RITES LIMITED, RITES, 30, 694.22, 655.30, 20826.60, 19659.00, 0.0, -1167.60, -5.61
 SAFARI INDUST.(IND) LTD, SAFARI, 5, 2239.01, 2351.45, 11195.05, 11757.25, 0.0, 562.20, 5.02
 STATE BANK OF INDIA, SBIN, 25, 805.67, 814.50, 20141.75, 20362.50, 21482.84, 220.75, 1.10
 TATA MOTORS LIMITED, TATAMOTORS, 35, 946.09, 1121.65, 33113.15, 39257.75, 0.0, 6144.60, 18.56
 TITAGARH RAIL SYSTEMS LIMITED, TITAGARH, 10, 1228.65, 1415.70, 12286.50, 14157.00, 0.0, 1870.50, 15.22
 TITAN COMPANY LIMITED, TITAN, 20, 3612.98, 3533.20, 72259.60, 70664.00, 0.0, -1595.60, -2.21
 VIP INDUSTRIES LTD., VIPIND, 25, 721.48, 478.40, 18037.00, 11960.00, 0.0, -6077.00, -33.69
 WELSPUN CORP LTD, WELCORP, 30, 563.97, 707.90, 16919.10, 21237.00, 0.0, 4317.90, 25.52
,,,, Total:, 821862.06, 863186.4, 186790.38, 41324.34, 5.03%
