﻿Realised,,,,,,,,
,,,,,,,,
Stock name,ISIN,Quantity,Avg Buy price,Buy value,Avg Sell price,Sell value,Realised P&L,Realised P&L %
Total,,,,0,,0,0,#NUM!
,,,,,,,,
Unrealised (Holdings as on 17-10-2024),,,,,,,,
,,,,,,,,
Stock name,ISIN,Quantity,Avg Buy price,Buy value,Closing price,Closing value,Unrealised P&L,Unrealised P&L %
ANGEL ONE LIMITED,INE732I01013,5,2239.35,11196.75,3127.85,15639.25,4442.5,39.68%
BAJAJ FINANCE LIMITED,INE296A01024,4,7477.64,29910.55,6899.5,27598,-2312.55,-7.73%
BHARAT ELECTRONICS LTD,INE263A01024,30,299.65,8989.5,284.55,8536.5,-453,-5.04%
BHEL,INE257A01026,30,292.5,8775,254.2,7626,-1149,-13.09%
BIRLASLAMC - TECH,INF209KB11D8,250,44.27,11067.5,44.53,11132.5,65,0.59%
BRIGHTCOM GROUP LIMITED,INE425B01027,83,110.96,9210,0,0,-9210,-100.00%
BSE LIMITED,INE118H01025,2,2618.1,5236.2,4257.55,8515.1,3278.9,62.62%
,,,,,,,,
,,,,,,,,
,,,,,,,,
,,,,,,,,
,,,,,,,,
,,,,,,,,
,,,,,,,,
,,,,,,,,
,,,,,,,,
,,,,,,,,
,,,,,,,,
,,,,,,,,
,,,,,,,,
,,,,,,,,
,,,,,,,,
,,,,,,,,
,,,,,,,,
,,,,,,,,
,,,,,,,,
,,,,,,,,
,,,,,,,,
,,,,,,,,
,,,,,,,,
,,,,,,,,
,,,,,,,,
,,,,,,,,
,,,,,,,,
